{
    "answers": {
        "phase":   "coding",
        "action":   "code management",
        "scope":   "frontend", 
        "action experience": "fair",
        "prog lang":   "other",
        "other prog lang": "html",
        "tool": "chat gpt 3.x",
        "other tool": "<fill in>",
        "tool option":  "free",  
        "tool experience":  "enough", 
        "time allocated (h)": "<0.3>",
        "time saved estimate (h)": "<2>", 
        "quality of ai help":  "ready-to-use",  
        "generic feeling":  "great in the future", 
        "notes": "<fill in>"
    }
}