{
    "answers": {
        "phase":  "requirements specification",
        "action":  "requirements (functional)",
        "scope": "uml class",
        "action experience":  "fair",
        "prog lang": "n/a",
        "other prog lang": "fill in",
        "tool":  "chat gpt 4.x",
        "other tool": "fill in",
        "tool option": "full",
        "tool experience":  "enough",
        "time allocated (h)": "1",
        "time saved estimate (h)": "6", 
        "quality of ai help": "minor modifications needed",
        "generic feeling": "needs work",
        "notes": "fill in"
    }
}