{
    "answers": {
        "phase": "coding",
        "action": "code management",
        "scope": "api",
        "action experience": "none",
        "prog lang":  "js-node",
        "other prog lang": "fill in",
        "tool": "chat gpt 4.x",
        "other tool": "fill in",
        "tool option": "full",
        "tool experience": "some",
        "time allocated (h)": "1",
        "time saved estimate (h)": "5", 
        "quality of ai help":  "major modifications needed",
        "generic feeling":  "needs work",
        "notes": "fill in"
    }
}