{
    "answers": {
        "phase":  "coding",  
        "action":   "code management",
        "scope":    "api",  
        "action experience":   "none",
        "prog lang":     "js-node",  
        "other prog lang": "<fill in>",
        "tool": "chat gpt 3.x", 
        "other tool": "<fill in>",
        "tool option": "free", 
        "tool experience":   "some", 
        "time allocated (h)": "4",
        "time saved estimate (h)": "10", 
        "quality of ai help":   "major modifications needed", 
        "generic feeling":   "needs work", 
        "notes": "<fill in>"
    }
}