{
    "answers": {
        "phase": "coding",
        "action": "network operations",
        "scope": "cli",
        "action experience": "none",
        "prog lang": "js-node",
        "other prog lang": "<fill in>",
        "tool": "chat gpt 3.x",
        "other tool": "<fill in>",
        "tool option": "free",
        "tool experience": "enough",
        "time allocated (h)": "3",
        "time saved estimate (h)": "24", 
        "quality of ai help": "major modifications needed",
        "generic feeling": "great in the future",
        "notes": "Finally gave me the answer I was looking for after looping for hours"
    }
}