{
    "answers": {
        "phase":   "coding",  
        "action":  "code management",
        "scope":  "frontend", 
        "action experience":   "fair",  
        "prog lang":   "other",
        "other prog lang": "html",
        "tool": "chat gpt 3.x", 
        "other tool": "<fill in>",
        "tool option": "free",  
        "tool experience":   "enough", 
        "time allocated (h)": "1",
        "time saved estimate (h)": "4.3", 
        "quality of ai help":   "minor modifications needed", 
        "generic feeling":   "needs work",  
        "notes": "<fill in>"
    }
}