{
    "answers": {
        "phase": "coding",
        "action": "problem understanding",
        "scope": "frontend",
        "action experience": "fair",
        "prog lang": "other",
        "other prog lang": "html",
        "tool": "chat gpt 3.x",
        "other tool": "<fill in>",
        "tool option": "free",
        "tool experience": "some",
        "time allocated (h)": "4",
        "time saved estimate (h)": "9", 
        "quality of ai help": "minor modifications needed",
        "generic feeling": "great in the future",
        "notes": "<fill in>"
    }
}