{
    "answers": {
        "phase":  "architecture", 
        "action":   "architectural decision", 
        "scope":  "code management actions",
        "action experience":  "little", 
        "prog lang": "n/a",  
        "other prog lang": "<fill in>",
        "tool": "chat gpt 3.x", 
        "other tool": "<fill in>",
        "tool option":  "free",  
        "tool experience":  "enough",  
        "time allocated (h)": "6",
        "time saved estimate (h)": "10", 
        "quality of ai help":   "minor modifications needed", 
        "generic feeling":   "needs work", 
        "notes": "<fill in>"
    }
}